Rang;Wort;Wortart;Anteil %;häufigste Formen;Hinweis;Anmerkung (höher / tiefer / streichen / …)
1;el;Begleiter;7,2165;la el los;;
2;de;Präposition;5,7174;de del;;
3;que;Konjunktion;3,3028;que;;
4;a;Präposition;2,7894;a al;;
5;ser;Verb;2,7413;es ser son;mehrdeutige Grundform;
6;uno;Begleiter;2,4646;un una uno;;
7;en;Präposition;2,2943;en enes;;
8;no;Adverb;2,2432;no;;
9;y;Konjunktion;2,1004;y;;
10;estar;Verb;1,4010;está estoy estás;mehrdeutige Grundform;
11;lo;Pronomen;1,1395;lo;;
12;haber;Verb;1,1290;ha hay he;;
13;por;Präposition;1,1056;por;;
14;se;Pronomen;1,0217;se;;
15;tener;Verb;0,9176;tiene tengo tienes;;
16;con;Präposition;0,8735;con;;
17;ir;Verb;0,8733;vamos voy fue;mehrdeutige Grundform;
18;su;Begleiter;0,8665;su sus;;
19;este;Begleiter;0,8534;este esta esto;;
20;para;Präposition;0,7760;para paras;;
21;hacer;Verb;0,7608;hacer hace hecho;mehrdeutige Grundform;
22;poder;Verb;0,7221;puede puedo puedes;;
23;qué;Pronomen;0,6918;qué;;
24;me;Pronomen;0,6629;me;;
25;ese;Pronomen;0,6589;eso ese esa;;
26;decir;Verb;0,5619;decir dijo dice;;
27;te;Pronomen;0,5058;te;;
28;todo;Pronomen;0,4973;todo todos todas;;
29;mi;Begleiter;0,4712;mi mis milos;;
30;pero;Konjunktion;0,4688;pero peros;;
31;saber;Verb;0,4511;sé sabes sabe;mehrdeutige Grundform;
32;como;Konjunktion;0,4467;como;;
33;si;Konjunktion;0,4290;si;;
34;más;Adverb;0,4263;más mas;;
35;querer;Verb;0,4181;quiero quieres quiere;;
36;sí;Ausruf;0,3961;sí;;
37;le;Pronomen;0,3621;le les;;
38;ver;Verb;0,3571;ver visto veo;mehrdeutige Grundform;
39;bien;Adverb;0,3553;bien bienes;;
40;yo;Pronomen;0,3214;yo;;
41;tu;Begleiter;0,3184;tu tus;;
42;bueno;Adjektiv;0,3069;bueno buena buen;;
43;aquí;Adverb;0,2822;aquí aqui;;
44;solo;Adverb;0,2797;sólo solo sola;;
45;pasar;Verb;0,2352;pasa pasado pasó;;
46;ya;Adverb;0,2341;ya;;
47;dar;Verb;0,2323;da dar dio;;
48;creer;Verb;0,2294;creo crees cree;;
49;deber;Verb;0,2272;debe debería debo;;
50;otro;Pronomen;0,2249;otra otro otros;;
51;muy;Adverb;0,2205;muy;;
52;o;Konjunktion;0,2180;o;;
53;así;Adverb;0,2139;así asi;;
54;él;Pronomen;0,2035;él ello consigo;;
55;cuando;Konjunktion;0,2027;cuando;;
56;año;Nomen;0,2024;años año;;
57;vez;Nomen;0,2004;vez veces;;
58;ahora;Adverb;0,1965;ahora;;
59;dejar;Verb;0,1865;dejar deja déjame;;
60;mucho;Adverb;0,1833;mucho muchas muchos;;
61;algo;Pronomen;0,1816;algo;;
62;venir;Verb;0,1732;ven viene venir;mehrdeutige Grundform;
63;también;Adverb;0,1696;también tambien;;
64;hablar;Verb;0,1690;hablar hablando habla;;
65;nos;Pronomen;0,1605;nos;;
66;día;Nomen;0,1558;día días dia;;
67;cómo;Pronomen;0,1504;cómo;;
68;ella;Pronomen;0,1504;ella;;
69;dos;Zahlwort;0,1501;dos;;
70;nada;Pronomen;0,1498;nada nadas;;
71;tú;Pronomen;0,1490;tú;;
72;sentir;Verb;0,1489;siento siente sentir;;
73;primero;Adjektiv;0,1457;primera primer primero;;
74;encontrar;Verb;0,1444;encontrar encuentra encontrado;;
75;sin;Präposition;0,1411;sin;;
76;esperar;Verb;0,1394;espera espero esperar;;
77;alguno;Begleiter;0,1391;alguna algunos algún;;
78;porque;Konjunktion;0,1374;porque;;
79;sobre;Präposition;0,1364;sobre sobres;;
80;gracias;Ausruf;0,1347;gracias;;
81;pensar;Verb;0,1329;pensé pensar pensando;;
82;nuevo;Adjektiv;0,1321;nuevo nueva nuevos;;
83;nuestro;Begleiter;0,1310;nuestro nuestra nuestros;;
84;tiempo;Nomen;0,1288;tiempo tiempos;;
85;mismo;Begleiter;0,1276;mismo misma mismos;;
86;cosa;Nomen;0,1234;cosas cosa;;
87;hasta;Adverb;0,1223;hasta;;
88;casa;Nomen;0,1203;casa casas;;
89;hombre;Nomen;0,1202;hombre hombres;;
90;llevar;Verb;0,1194;lleva llevar llevó;;
91;necesitar;Verb;0,1189;necesito necesita necesitamos;;
92;llamar;Verb;0,1183;llama llamado llamar;;
93;entonces;Adverb;0,1149;entonces;;
94;volver;Verb;0,1148;volver vuelve vuelto;;
95;mirar;Verb;0,1145;mira mire mirando;;
96;usted;Pronomen;0,1143;usted;;
97;mejor;Adjektiv;0,1136;mejor mejores;;
98;poner;Verb;0,1133;puesto poner puso;;
99;desde;Präposition;0,1119;desde;;
100;llegar;Verb;0,1093;llegar llegó llegado;;
101;vida;Nomen;0,1069;vida vidas;;
102;tan;Adverb;0,1048;tan;;
103;tomar;Verb;0,1047;tomar toma tomó;;
104;quedar;Verb;0,1028;queda quedó quédate;;
105;verdad;Nomen;0,1000;verdad verdades;;
106;nunca;Adverb;0,0996;nunca;;
107;quién;Pronomen;0,0996;quién quiénes;;
108;parecer;Verb;0,0992;parece parecía parecer;;
109;hola;Ausruf;0,0982;hola;;
110;entre;Präposition;0,0980;entre;;
111;poco;Adverb;0,0972;poco pocos pocas;;
112;parte;Nomen;0,0961;parte partes;;
113;salir;Verb;0,0958;salir salió sale;mehrdeutige Grundform;
114;después;Adverb;0,0942;después;;
115;seguir;Verb;0,0934;sigue seguir siguen;;
116;noche;Nomen;0,0916;noche noches;;
117;trabajar;Verb;0,0912;trabajo trabajar trabajando;mehrdeutige Grundform;
118;favor;Nomen;0,0909;favor favores;;
119;dónde;Pronomen;0,0900;dónde;;
120;antes;Adverb;0,0893;antes;;
121;oír;Verb;0,0885;oye oído oír;;
122;padre;Nomen;0,0868;padre padres;;
123;mí;Pronomen;0,0868;mí;;
124;donde;Pronomen;0,0866;donde;;
125;persona;Nomen;0,0863;personas persona;;
126;gustar;Verb;0,0860;gusta gustaría gustan;;
127;conocer;Verb;0,0858;conozco conocer conoce;;
128;siempre;Adverb;0,0850;siempre;;
129;ellos;Pronomen;0,0845;ellos ellas;;
130;ti;Pronomen;0,0830;ti tí;;
131;dios;Nomen;0,0829;dios dioses;;
132;mujer;Nomen;0,0827;mujer mujeres;;
133;ayudar;Verb;0,0821;ayudar ayuda ayudarte;mehrdeutige Grundform;
134;ni;Konjunktion;0,0808;ni;;
135;lugar;Nomen;0,0803;lugar lugares;;
136;ahí;Adverb;0,0774;ahí ahi;;
137;tratar;Verb;0,0773;trata tratando trato;;
138;momento;Nomen;0,0773;momento momentos;;
139;amigo;Nomen;0,0764;amigo amigos;;
140;alguien;Pronomen;0,0762;alguien;;
141;vivir;Verb;0,0760;vivir vivo vive;;
142;acuerdo;Nomen;0,0757;acuerdo acuerdos;;
143;hijo;Nomen;0,0743;hijo hijos;;
144;gran;Adjektiv;0,0737;gran;;
145;mundo;Nomen;0,0715;mundo mundos;;
146;hora;Nomen;0,0712;hora horas;;
147;último;Adjektiv;0,0708;última último últimos;;
148;durante;Präposition;0,0707;durante;;
149;tanto;Adverb;0,0694;tanto tanta tantos;;
150;buscar;Verb;0,0684;buscando buscar busca;;
151;gente;Nomen;0,0681;gente gentes;;
152;contar;Verb;0,0681;cuenta contar contó;mehrdeutige Grundform;
153;tres;Zahlwort;0,0681;tres;;
154;seguro;Adjektiv;0,0675;seguro segura seguros;;
155;nosotros;Pronomen;0,0672;nosotros nosotras;;
156;escuchar;Verb;0,0669;escucha escuchar escúchame;;
157;tipo;Nomen;0,0657;tipo tipos tipa;;
158;problema;Nomen;0,0654;problema problemas;;
159;quien;Pronomen;0,0648;quien quienes;;
160;cada;Begleiter;0,0647;cada;;
161;perder;Verb;0,0643;perdido perder perdió;;
162;tal;Begleiter;0,0636;tal tales;;
163;trabajo;Nomen;0,0627;trabajo trabajos;mehrdeutige Grundform;
164;nombre;Nomen;0,0623;nombre nombres;;
165;luego;Adverb;0,0619;luego;;
166;menos;Adverb;0,0613;menos;;
167;claro;Adjektiv;0,0601;claro clara claras;;
168;nadie;Pronomen;0,0597;nadie;;
169;entender;Verb;0,0586;entiendo entiendes entender;;
170;morir;Verb;0,0586;murió morir muere;;
171;intentar;Verb;0,0582;intento intentando intenta;;
172;acabar;Verb;0,0580;acaba acabo acabó;;
173;forma;Nomen;0,0578;forma formas;;
174;ciudad;Nomen;0,0577;ciudad ciudades;;
175;madre;Nomen;0,0564;madre madres;;
176;caso;Nomen;0,0558;caso casos;;
177;dinero;Nomen;0,0557;dinero dineros;;
178;hoy;Adverb;0,0554;hoy;;
179;ninguno;Begleiter;0,0551;ningún ninguna ninguno;;
180;mañana;Adverb;0,0540;mañana mañanas;;
181;recordar;Verb;0,0539;recuerdo recuerda recuerdas;;
182;chico;Nomen;0,0539;chicos chico;;
183;segundo;Adjektiv;0,0534;segundo segunda segundos;;
184;niño;Nomen;0,0522;niños niño;;
185;allí;Adverb;0,0520;allí;;
186;empezar;Verb;0,0519;empezar empezó empieza;;
187;pequeño;Adjektiv;0,0518;pequeño pequeña pequeños;;
188;medio;Adjektiv;0,0517;medio media medios;;
189;mientras;Konjunktion;0,0516;mientras;;
190;semana;Nomen;0,0511;semana semanas;;
191;contra;Präposition;0,0509;contra contras;;
192;familia;Nomen;0,0503;familia familias;;
193;junto;Adjektiv;0,0496;juntos junto juntas;;
194;pedir;Verb;0,0495;pidió pedir pide;;
195;país;Nomen;0,0495;país países paises;;
196;mío;Begleiter;0,0485;mío mía mio;;
197;preguntar;Verb;0,0483;pregunta pregunto preguntar;mehrdeutige Grundform;
198;ganar;Verb;0,0480;ganar ganó ganado;;
199;conseguir;Verb;0,0480;conseguir consiguió conseguido;;
200;además;Adverb;0,0480;además;;
201;mano;Nomen;0,0473;mano manos;;
202;equipo;Nomen;0,0471;equipo equipos;;
203;tarde;Adverb;0,0470;tarde tardes;;
204;usar;Verb;0,0466;usar usa usando;;
205;entrar;Verb;0,0465;entrar entra entró;;
206;aún;Adverb;0,0464;aún;;
207;único;Adjektiv;0,0464;único única únicos;;
208;grande;Adjektiv;0,0460;grande grandes;;
209;chica;Nomen;0,0455;chica chicas;;
210;mayor;Adjektiv;0,0450;mayor mayores;;
211;historia;Nomen;0,0448;historia historias;;
212;mamá;Nomen;0,0447;mamá mama mamás;;
213;mes;Nomen;0,0447;meses mes;;
214;aunque;Konjunktion;0,0444;aunque;;
215;cierto;Adjektiv;0,0442;cierto cierta ciertas;;
216;importar;Verb;0,0439;importa importaría importar;;
217;cualquiera;Begleiter;0,0437;cualquier cualquiera;;
218;traer;Verb;0,0437;trae traer traído;;
219;policía;Nomen;0,0434;policía policías;;
220;cambiar;Verb;0,0432;cambiar cambiado cambió;;
221;idea;Nomen;0,0431;idea ideas;;
222;estado;Nomen;0,0430;estado estados;mehrdeutige Grundform;
223;e;Konjunktion;0,0428;e;;
224;recibir;Verb;0,0425;recibió recibir recibido;;
225;manera;Nomen;0,0423;manera maneras;;
226;importante;Adjektiv;0,0422;importante importantes;;
227;muerto;Adjektiv;0,0419;muerto muertos muerta;;
228;señora;Nomen;0,0418;señora señoras;;
229;punto;Nomen;0,0417;punto puntos;;
230;razón;Nomen;0,0416;razón razones;;
231;listo;Adjektiv;0,0415;lista listo listos;;
232;comenzar;Verb;0,0410;comenzó comienza comenzar;;
233;mal;Adverb;0,0408;mal males;;
234;suponer;Verb;0,0407;supongo supone suponía;;
235;minuto;Nomen;0,0405;minutos minuto;;
236;papá;Nomen;0,0404;papá;;
237;bajo;Präposition;0,0400;bajo bajas bajos;;
238;terminar;Verb;0,0400;terminar terminó termina;;
239;final;Adjektiv;0,0397;final finales;;
240;fuera;Adverb;0,0397;fuera fueras;mehrdeutige Grundform;
241;mantener;Verb;0,0393;mantener mantiene mantuvo;;
242;lado;Nomen;0,0392;lado lados;;
243;alto;Adjektiv;0,0391;alto alta altos;;
244;realmente;Adverb;0,0389;realmente;;
245;hermano;Nomen;0,0389;hermano hermanos;;
246;propio;Adjektiv;0,0389;propio propia propios;;
247;hacia;Präposition;0,0383;hacia hacias;;
248;millón;Nomen;0,0375;millones millón;;
249;cual;Pronomen;0,0375;cual cuales;;
250;gobierno;Nomen;0,0373;gobierno gobiernos;;
251;conmigo;Pronomen;0,0371;conmigo;;
252;serio;Adjektiv;0,0371;serio seria serios;;
253;mostrar;Verb;0,0369;muestra mostrar mostró;;
254;grupo;Nomen;0,0368;grupo grupos;;
255;juego;Nomen;0,0364;juego juegos;;
256;comer;Verb;0,0364;comer come comido;;
257;jugar;Verb;0,0362;jugar jugando juega;;
258;tras;Präposition;0,0359;tras;;
259;demasiado;Adverb;0,0356;demasiado demasiada demasiados;;
260;agua;Nomen;0,0355;agua aguas;;
261;amor;Nomen;0,0355;amor amores;;
262;dentro;Adverb;0,0352;dentro;;
263;partido;Nomen;0,0350;partido partidos partida;;
264;malo;Adjektiv;0,0348;malo mala malas;;
265;casi;Adverb;0,0346;casi;;
266;número;Nomen;0,0344;número números;;
267;permitir;Verb;0,0341;permite permitir permitió;;
268;todavía;Adverb;0,0341;todavía;;
269;doctor;Nomen;0,0340;doctor doctores;;
270;embargo;Nomen;0,0339;embargo embargos;;
271;cuatro;Zahlwort;0,0339;cuatro;;
272;muerte;Nomen;0,0338;muerte muertes;;
273;sacar;Verb;0,0335;sacar saca sacó;;
274;contigo;Pronomen;0,0333;contigo;;
275;realizar;Verb;0,0333;realizar realizó realizado;;
276;fin;Nomen;0,0332;fin fines;;
277;joven;Nomen;0,0331;joven jóvenes jovenes;;
278;según;Präposition;0,0330;según;;
279;pagar;Verb;0,0330;pagar paga pagan;;
280;cabeza;Nomen;0,0329;cabeza cabezas;;
281;público;Adjektiv;0,0328;público pública públicos;;
282;ustedes;Pronomen;0,0328;ustedes;;
283;vale;Ausruf;0,0327;vale;mehrdeutige Grundform;
284;nacional;Adjektiv;0,0326;nacional nacionales;;
285;amar;Verb;0,0325;amo ama amas;;
286;preocupar;Verb;0,0325;preocupes preocupa preocupe;;
287;varios;Pronomen;0,0323;varios varias;;
288;pues;Konjunktion;0,0322;pues;;
289;viejo;Adjektiv;0,0322;viejo vieja viejos;;
290;camino;Nomen;0,0319;camino caminos;;
291;cuánto;Begleiter;0,0317;cuánto cuántos cuántas;;
292;puerta;Nomen;0,0316;puerta puertas;;
293;general;Adjektiv;0,0315;general generales;;
294;convertir;Verb;0,0311;convirtió convierte convertirse;;
295;cuenta;Nomen;0,0309;cuenta cuentas;mehrdeutige Grundform;
296;abrir;Verb;0,0307;abre abrir abrió;;
297;guerra;Nomen;0,0305;guerra guerras;;
298;presentar;Verb;0,0304;presenta presentó presentar;;
299;rápido;Adjektiv;0,0302;rápido rápida rápidos;;
300;cuerpo;Nomen;0,0302;cuerpo cuerpos;;
301;leer;Verb;0,0301;lee leer leo;;
302;presidente;Nomen;0,0300;presidente;;
303;significar;Verb;0,0300;significa significaba significar;;
304;largo;Adjektiv;0,0299;largo larga largos;;
305;palabra;Nomen;0,0299;palabra palabras;;
306;cinco;Zahlwort;0,0298;cinco;;
307;loco;Adjektiv;0,0296;loco loca locos;;
308;olvidar;Verb;0,0295;olvídalo olvidar olvidé;;
309;caer;Verb;0,0294;cayó caer cae;;
310;regresar;Verb;0,0293;regresar regresa regresó;;
311;tierra;Nomen;0,0292;tierra tierras;;
312;hecho;Nomen;0,0289;hecho hechos hecha;mehrdeutige Grundform;
313;enviar;Verb;0,0289;envió enviado enviar;;
314;hija;Nomen;0,0288;hija hijas;;
315;lograr;Verb;0,0287;logró lograr logrado;;
316;diferente;Adjektiv;0,0287;diferentes diferente;;
317;servicio;Nomen;0,0285;servicio servicios;;
318;incluso;Adverb;0,0283;incluso;;
319;bajar;Verb;0,0281;baja bajar baje;;
320;cerca;Adverb;0,0279;cerca cercas;;
321;posible;Adjektiv;0,0278;posible posibles;;
322;ocurrir;Verb;0,0277;ocurre ocurrió ocurrir;;
323;cambio;Nomen;0,0275;cambio cambios;;
324;supuesto;Adjektiv;0,0275;supuesto supuesta supuestos;;
325;sistema;Nomen;0,0275;sistema sistemas;;
326;jefe;Nomen;0,0274;jefe jefes;;
327;centro;Nomen;0,0273;centro centros;;
328;mil;Zahlwort;0,0273;mil miles;;
329;escribir;Verb;0,0273;escribir escribió escribe;;
330;clase;Nomen;0,0273;clase clases;;
331;ojo;Nomen;0,0271;ojos ojo;;
332;escuela;Nomen;0,0270;escuela escuelas;;
333;derecho;Nomen;0,0269;derecho derechos;;
334;suceder;Verb;0,0268;sucede sucedió suceder;;
335;cuál;Pronomen;0,0266;cuál cuáles;;
336;realidad;Nomen;0,0266;realidad realidades;;
337;prueba;Nomen;0,0266;prueba pruebas;;
338;igual;Adjektiv;0,0265;igual iguales;;
339;feliz;Adjektiv;0,0262;feliz felices;;
340;mover;Verb;0,0262;mueve mover muevas;;
341;película;Nomen;0,0262;película películas;;
342;próximo;Adjektiv;0,0261;próximo próxima próximos;;
343;fuerte;Adjektiv;0,0261;fuerte fuertes;;
344;obra;Nomen;0,0261;obra obras;;
345;libro;Nomen;0,0260;libro libros;;
346;cariño;Nomen;0,0259;cariño cariños;;
347;dormir;Verb;0,0258;dormir durmiendo duerme;;
348;fuerza;Nomen;0,0257;fuerza fuerzas;;
349;comprar;Verb;0,0256;comprar compró compré;;
350;relación;Nomen;0,0256;relación relaciones;;
351;funcionar;Verb;0,0255;funciona funcionar funcionó;;
352;calle;Nomen;0,0253;calle calles;;
353;plan;Nomen;0,0252;plan planes;;
354;ambos;Zahlwort;0,0252;ambos ambas;;
355;pueblo;Nomen;0,0251;pueblo pueblos;;
356;existir;Verb;0,0251;existe existen existir;;
357;pronto;Adverb;0,0250;pronto prontos;;
358;genial;Adjektiv;0,0250;genial geniales;;
359;zona;Nomen;0,0250;zona zonas;;
360;seguridad;Nomen;0,0249;seguridad seguridades;;
361;ante;Präposition;0,0249;ante;;
362;asegurar;Verb;0,0248;aseguró asegura asegurar;;
363;esposa;Nomen;0,0247;esposa esposas;;
364;difícil;Adjektiv;0,0247;difícil difíciles;;
365;explicar;Verb;0,0246;explicó explica explicar;;
366;cara;Nomen;0,0246;cara caras;;
367;considerar;Verb;0,0246;considera considerado considerar;;
368;orden;Nomen;0,0245;orden órdenes ordenes;;
369;través;Nomen;0,0244;través;;
370;aquel;Begleiter;0,0243;aquel aquellos aquella;;
371;corazón;Nomen;0,0242;corazón corazones;;
372;quizá;Adverb;0,0240;quizá;;
373;tío;Nomen;0,0239;tío tíos;;
374;justo;Adjektiv;0,0239;justo justa justos;;
375;adiós;Ausruf;0,0238;adiós;;
376;programa;Nomen;0,0237;programa programas;;
377;querido;Adjektiv;0,0237;querido querida queridos;;
378;faltar;Verb;0,0236;falta faltan faltaba;;
379;decidir;Verb;0,0236;decidió decide decidir;;
380;oportunidad;Nomen;0,0236;oportunidad oportunidades;;
381;vuelta;Nomen;0,0235;vuelta vueltas;;
382;frente;Nomen;0,0235;frente frentes;;
383;tocar;Verb;0,0235;tocar toca tocando;;
384;social;Adjektiv;0,0234;social sociales;;
385;blanco;Adjektiv;0,0233;blanco blanca blancos;;
386;humano;Adjektiv;0,0232;humanos humano humana;;
387;principal;Adjektiv;0,0232;principal principales;;
388;fiesta;Nomen;0,0232;fiesta fiestas;;
389;luz;Nomen;0,0231;luz luces;;
390;bastante;Adverb;0,0231;bastante bastantes;;
391;aparecer;Verb;0,0230;aparece apareció aparecen;;
392;adelante;Adverb;0,0230;adelante;;
393;nivel;Nomen;0,0229;nivel niveles;;
394;situación;Nomen;0,0229;situación situaciones;;
395;suficiente;Adjektiv;0,0228;suficiente suficientes;;
396;suerte;Nomen;0,0228;suerte;;
397;empresa;Nomen;0,0228;empresa empresas;;
398;real;Adjektiv;0,0228;real reales;;
399;quizás;Adverb;0,0226;quizás;;
400;dólar;Nomen;0,0226;dólares dólar;;
401;coche;Nomen;0,0224;coche coches;;
402;echar;Verb;0,0223;echar echo echa;;
403;siquiera;Adverb;0,0222;siquiera;;
404;señorita;Nomen;0,0222;señorita señoritas;;
405;modo;Nomen;0,0222;modo modos;;
406;correr;Verb;0,0221;corre correr corriendo;;
407;línea;Nomen;0,0221;línea líneas;;
408;miedo;Nomen;0,0220;miedo miedos;;
409;cuidado;Nomen;0,0219;cuidado cuidados cuidada;;
410;canción;Nomen;0,0218;canción canciones;;
411;continuar;Verb;0,0217;continuar continúa continuó;;
412;debido;Adjektiv;0,0217;debido debida debidas;;
413;proyecto;Nomen;0,0217;proyecto proyectos;;
414;sentido;Nomen;0,0217;sentido sentidos sentida;;
415;oficial;Adjektiv;0,0216;oficial oficiales;;
416;carrera;Nomen;0,0215;carrera carreras;;
417;subir;Verb;0,0215;subir sube subió;;
418;conocido;Adjektiv;0,0215;conocido conocida conocidos;;
419;siguiente;Adjektiv;0,0214;siguiente siguientes;;
420;ley;Nomen;0,0213;ley leyes;;
421;negro;Adjektiv;0,0212;negro negra negros;;
422;especial;Adjektiv;0,0211;especial especiales;;
423;seis;Zahlwort;0,0211;seis;;
424;información;Nomen;0,0210;información informaciones;;
425;resto;Nomen;0,0209;resto restos;;
426;vender;Verb;0,0209;vender vendido vendió;;
427;desear;Verb;0,0208;deseo desea desearía;mehrdeutige Grundform;
428;os;Pronomen;0,0206;os;;
429;obtener;Verb;0,0205;obtener obtuvo obtenido;;
430;allá;Adverb;0,0205;allá;;
431;estudio;Nomen;0,0204;estudio estudios;;
432;detener;Verb;0,0204;detener detente detuvo;;
433;hermana;Nomen;0,0203;hermana hermanas;;
434;incluir;Verb;0,0203;incluye incluyendo incluyen;;
435;pregunta;Nomen;0,0202;preguntas pregunta;mehrdeutige Grundform;
436;auto;Nomen;0,0202;auto autos;"lateinamerikanisch; in Spanien: coche";
437;tema;Nomen;0,0201;tema temas;;
438;sitio;Nomen;0,0201;sitio sitios;;
439;utilizar;Verb;0,0200;utilizar utiliza utilizando;;
440;sino;Konjunktion;0,0200;sino;;
441;salvar;Verb;0,0199;salvar salvó salva;;
442;música;Nomen;0,0199;música músicas;;
443;negocio;Nomen;0,0199;negocio negocios;;
444;cuanto;Adverb;0,0198;cuanto cuantos;;
445;llamada;Nomen;0,0197;llamada llamadas;;
446;meter;Verb;0,0196;meter metió mete;;
447;ofrecer;Verb;0,0196;ofrece ofrecer ofreció;;
448;personal;Adjektiv;0,0196;personal personales;;
449;rey;Nomen;0,0195;rey reyes;;
450;casar;Verb;0,0195;casarse casó casar;;
451;servir;Verb;0,0195;sirve servir sirvió;;
452;cargo;Nomen;0,0195;cargo cargos;;
453;teléfono;Nomen;0,0194;teléfono teléfonos;;
454;pie;Nomen;0,0194;pie pies;;
455;política;Nomen;0,0193;política políticas;;
456;edad;Nomen;0,0193;edad edades;;
457;disculpar;Verb;0,0192;disculpe disculpen discúlpeme;;
458;cuarto;Adjektiv;0,0192;cuarto cuarta cuartos;;
459;duro;Adjektiv;0,0191;duro dura duros;;
460;club;Nomen;0,0190;club clubes clubs;;
461;arriba;Adverb;0,0190;arriba;;
462;partir;Verb;0,0189;partir parto partió;;
463;universidad;Nomen;0,0189;universidad universidades;;
464;campo;Nomen;0,0189;campo campos;;
465;libre;Adjektiv;0,0189;libre libres;;
466;serie;Nomen;0,0188;serie series;;
467;investigación;Nomen;0,0188;investigación investigaciones;;
468;resultado;Nomen;0,0188;resultado resultados;;
469;sangre;Nomen;0,0188;sangre;;
470;sentar;Verb;0,0187;sentado sienta sientas;;
471;valer;Verb;0,0186;vale valen valió;mehrdeutige Grundform;
472;foto;Nomen;0,0186;foto fotos;;
473;hospital;Nomen;0,0185;hospital hospitales;;
474;salud;Nomen;0,0185;salud;;
475;miembro;Nomen;0,0184;miembros miembro;;
476;cuándo;Pronomen;0,0184;cuándo;;
477;fácil;Adjektiv;0,0184;fácil fáciles;;
478;noticia;Nomen;0,0184;noticias noticia;;
479;prometer;Verb;0,0184;prometo prometido prometió;;
480;médico;Nomen;0,0183;médico médicos médicas;;
481;beber;Verb;0,0183;beber bebe bebiendo;;
482;compañía;Nomen;0,0183;compañía compañías;;
483;acción;Nomen;0,0182;acción acciones;;
484;control;Nomen;0,0182;control controles;;
485;aceptar;Verb;0,0182;aceptar acepta aceptó;;
486;red;Nomen;0,0182;red redes;;
487;bebé;Nomen;0,0181;bebé bebés;;
488;quitar;Verb;0,0181;quita quitar quítate;;
489;encantar;Verb;0,0179;encanta encantaría encantan;;
490;comida;Nomen;0,0179;comida comidas;;
491;oficina;Nomen;0,0179;oficina oficinas;;
492;cerrar;Verb;0,0179;cierra cerrar cerró;;
493;levantar;Verb;0,0179;levántate levanta levantar;;
494;viaje;Nomen;0,0178;viaje viajes;;
495;santo;Adjektiv;0,0178;santo san santa;;
496;habitación;Nomen;0,0178;habitación habitaciones;;
497;niña;Nomen;0,0178;niña niñas;;
498;atrás;Adverb;0,0177;atrás;;
499;par;Nomen;0,0177;par pares pando;;
500;crear;Verb;0,0176;crear creó creas;;
501;alrededor;Adverb;0,0176;alrededor alrededores;;
502;coger;Verb;0,0175;coger coge cogió;;
503;mayoría;Nomen;0,0175;mayoría mayorías;;
504;principio;Nomen;0,0175;principio principios;;
505;local;Adjektiv;0,0175;local locales;;
506;espacio;Nomen;0,0175;espacio espacios;;
507;aprender;Verb;0,0174;aprender aprendido aprendí;;
508;decisión;Nomen;0,0174;decisión decisiones;;
509;mensaje;Nomen;0,0173;mensaje mensajes;;
510;tampoco;Adverb;0,0172;tampoco;;
511;cielo;Nomen;0,0172;cielo cielos;;
512;paz;Nomen;0,0172;paz paces;;
513;futuro;Nomen;0,0171;futuro futura futuros;;
514;asunto;Nomen;0,0171;asunto asuntos;;
515;temporada;Nomen;0,0170;temporada temporadas;;
516;necesario;Adjektiv;0,0170;necesario necesaria necesarios;;
517;perdonar;Verb;0,0170;perdona perdone perdóname;;
518;mandar;Verb;0,0170;mando manda mandó;;
519;total;Adjektiv;0,0170;total totales;;
520;enseñar;Verb;0,0170;enseñó enseñar enseña;;
521;objetivo;Nomen;0,0169;objetivo objetivos objetiva;;
522;referir;Verb;0,0169;refiero refieres refiere;;
523;abajo;Adverb;0,0168;abajo;;
524;fuego;Nomen;0,0167;fuego fuegos;;
525;probablemente;Adverb;0,0167;probablemente;;
526;correcto;Adjektiv;0,0166;correcto correcta correctas;;
527;sueño;Nomen;0,0166;sueño sueños;;
528;perro;Nomen;0,0166;perro perros;;
529;sonar;Verb;0,0166;suena sonar sonaba;;
530;siglo;Nomen;0,0166;siglo siglos;;
531;preparar;Verb;0,0165;preparar prepara preparando;;
532;ayuda;Nomen;0,0165;ayuda ayudas;mehrdeutige Grundform;
533;atención;Nomen;0,0164;atención atenciones;;
534;antiguo;Adjektiv;0,0164;antiguo antigua antiguos;;
535;imagen;Nomen;0,0164;imagen imágenes imagenes;;
536;secreto;Nomen;0,0164;secreto secretos secreta;;
537;evitar;Verb;0,0164;evitar evitarlo evita;;
538;carta;Nomen;0,0164;carta cartas;;
539;proceso;Nomen;0,0163;proceso procesos;;
540;descubrir;Verb;0,0163;descubrir descubrió descubre;;
541;actividad;Nomen;0,0162;actividad actividades;;
542;cámara;Nomen;0,0162;cámara cámaras;;
543;robar;Verb;0,0161;robar robó robaron;;
544;perfecto;Adjektiv;0,0161;perfecto perfecta perfectos;;
545;ejemplo;Nomen;0,0161;ejemplo ejemplos;;
546;romper;Verb;0,0160;romper rompió rompe;;
547;color;Nomen;0,0160;color colores;;
548;papel;Nomen;0,0159;papel papeles;;
549;precio;Nomen;0,0159;precio precios;;
550;edificio;Nomen;0,0159;edificio edificios;;
551;exactamente;Adverb;0,0158;exactamente;;
552;hermoso;Adjektiv;0,0158;hermosa hermoso hermosas;;
553;simplemente;Adverb;0,0157;simplemente;;
554;tuyo;Begleiter;0,0157;tuyo tuya tuyos;;
555;cuidar;Verb;0,0157;cuidar cuida cuídate;;
556;pesar;Nomen;0,0157;pesar pesa pesaba;;
557;bonito;Adjektiv;0,0157;bonito bonita bonitas;;
558;respuesta;Nomen;0,0156;respuesta respuestas;;
559;peor;Adjektiv;0,0156;peor peores;;
560;director;Nomen;0,0156;director directores;;
561;confiar;Verb;0,0156;confiar confía confío;;
562;ataque;Nomen;0,0155;ataque ataques;;
563;finalmente;Adverb;0,0155;finalmente;;
564;parar;Verb;0,0155;parar pare paren;;
565;banda;Nomen;0,0154;banda bandas;;
566;jugador;Nomen;0,0154;jugador jugadores jugadora;;
567;rojo;Adjektiv;0,0154;rojo roja rojas;;
568;dirección;Nomen;0,0154;dirección direcciones;;
569;acerca;Adverb;0,0154;acerca;;
570;lejos;Adverb;0,0153;lejos;;
571;reconocer;Verb;0,0153;reconocido reconoce reconocer;;
572;área;Nomen;0,0153;área áreas;;
573;río;Nomen;0,0153;río ríos;;
574;diez;Zahlwort;0,0152;diez dieces;;
575;base;Nomen;0,0152;base bases;;
576;resultar;Verb;0,0151;resulta resultó resultaron;;
577;iglesia;Nomen;0,0150;iglesia iglesias;;
578;escapar;Verb;0,0150;escapar escapó escape;;
579;población;Nomen;0,0150;población poblaciones;;
580;éxito;Nomen;0,0149;éxito éxitos;;
581;voz;Nomen;0,0149;voz voces;;
582;responder;Verb;0,0149;responder responde respondió;;
583;internacional;Adjektiv;0,0148;internacional internacionales;;
584;abierto;Adjektiv;0,0148;abierto abierta abiertos;;
585;daño;Nomen;0,0147;daño daños;;
586;andar;Verb;0,0147;anda andar andando;;
587;tirar;Verb;0,0147;tirar tira tirado;;
588;ejército;Nomen;0,0147;ejército ejércitos;;
589;unidad;Nomen;0,0147;unidad unidades;;
590;muchacho;Nomen;0,0147;muchacho muchachos;;
591;imaginar;Verb;0,0146;imagino imaginar imagina;;
592;producir;Verb;0,0146;produce produjo producir;;
593;uso;Nomen;0,0146;uso usos;;
594;abogado;Nomen;0,0146;abogado abogados abogada;;
595;callar;Verb;0,0146;cállate calla callar;;
596;error;Nomen;0,0145;error errores;;
597;menor;Adjektiv;0,0145;menor menores;;
598;cumplir;Verb;0,0144;cumplir cumple cumplió;;
599;idiota;Nomen;0,0144;idiota idiotas;;
600;alcanzar;Verb;0,0144;alcanzar alcanzó alcanza;;
601;cama;Nomen;0,0144;cama camas;;
602;completo;Adjektiv;0,0144;completo completa completos;;
603;raro;Adjektiv;0,0143;raro rara raros;;
604;marcar;Verb;0,0143;marca marcó marcar;;
605;valor;Nomen;0,0143;valor valores;;
606;verdadero;Adjektiv;0,0143;verdadero verdadera verdaderos;;
607;consejo;Nomen;0,0142;consejo consejos;;
608;informar;Verb;0,0142;informó informa informar;;
609;extraño;Adjektiv;0,0142;extraño extraños extrañas;;
610;autoridad;Nomen;0,0142;autoridades autoridad;;
611;tranquilo;Adjektiv;0,0141;tranquilo tranquila tranquilos;;
612;norte;Nomen;0,0141;norte;;
613;reunión;Nomen;0,0141;reunión reuniones;;
614;español;Adjektiv;0,0141;español española españoles;;
615;actuar;Verb;0,0140;actuar actuando actúa;;
616;dato;Nomen;0,0140;datos dato;;
617;cortar;Verb;0,0140;corta cortar cortó;;
618;militar;Adjektiv;0,0140;militar militares milita;;
619;metro;Nomen;0,0140;metros metro;;
620;molestar;Verb;0,0139;molesta molestar moleste;;
621;mundial;Adjektiv;0,0139;mundial mundiales;;
622;despertar;Verb;0,0139;despierta despertar despertó;;
623;marido;Nomen;0,0139;marido maridos;;
624;fondo;Nomen;0,0138;fondo fondos;;
625;argentino;Adjektiv;0,0138;argentina argentino argentinos;nachrichtentypisch (lateinamerikanische Nachrichten);
626;posición;Nomen;0,0138;posición posiciones;;
627;elegir;Verb;0,0137;elegir eligió elige;;
628;cliente;Nomen;0,0137;clientes cliente;;
629;proteger;Verb;0,0137;proteger protege protegerte;;
630;lleno;Adjektiv;0,0137;lleno llena llenos;;
631;demás;Pronomen;0,0136;demás;;
632;sur;Nomen;0,0136;sur;;
633;amiga;Nomen;0,0135;amiga amigas;;
634;elección;Nomen;0,0135;elecciones elección;;
635;dirigir;Verb;0,0135;dirige dirigió dirigir;;
636;región;Nomen;0,0134;región regiones;;
637;comunidad;Nomen;0,0134;comunidad comunidades;;
638;respecto;Nomen;0,0134;respecto;;
639;movimiento;Nomen;0,0134;movimiento movimientos;;
640;indicar;Verb;0,0134;indicó indica indican;;
641;distinto;Adjektiv;0,0134;distintos distintas distinto;;
642;participar;Verb;0,0133;participar participó participaron;;
643;sufrir;Verb;0,0133;sufrió sufrir sufre;;
644;lindo;Adjektiv;0,0133;lindo linda lindos;"lateinamerikanisch; in Spanien: bonito";
645;causa;Nomen;0,0133;causa causas;;
646;especie;Nomen;0,0133;especie especies;;
647;energía;Nomen;0,0133;energía energías;;
648;detrás;Adverb;0,0132;detrás;;
649;ayer;Adverb;0,0132;ayer;;
650;julio;Nomen;0,0132;julio;;
651;visto;Adjektiv;0,0132;vista vistos;;
652;sector;Nomen;0,0132;sector sectores;;
653;mercado;Nomen;0,0132;mercado mercados;;
654;culpa;Nomen;0,0131;culpa culpas;mehrdeutige Grundform;
655;soler;Verb;0,0131;solía suele suelen;;
656;siete;Zahlwort;0,0131;siete;;
657;diferencia;Nomen;0,0131;diferencia diferencias;mehrdeutige Grundform;
658;producto;Nomen;0,0130;productos producto;;
659;compañero;Nomen;0,0130;compañero compañeros;;
660;condición;Nomen;0,0130;condiciones condición;;
661;bastar;Verb;0,0130;basta bastará bastaba;;
662;mitad;Nomen;0,0130;mitad mitades;;
663;construir;Verb;0,0130;construir construyó construyendo;;
664;anterior;Adjektiv;0,0129;anterior anteriores;;
665;capaz;Adjektiv;0,0129;capaz capaces capazos;;
666;ropa;Nomen;0,0129;ropa ropas;;
667;abandonar;Verb;0,0129;abandonar abandonado abandonó;;
668;animal;Nomen;0,0128;animales animal;;
669;desarrollo;Nomen;0,0128;desarrollo desarrollos;;
670;probar;Verb;0,0128;probar probarlo probando;;
671;modelo;Nomen;0,0128;modelo modelos;;
672;estrella;Nomen;0,0128;estrella estrellas;;
673;aire;Nomen;0,0127;aire;;
674;ocupar;Verb;0,0127;ocupa ocupar ocupó;;
675;señalar;Verb;0,0127;señaló señala señalar;;
676;cabo;Nomen;0,0126;cabo cabos;;
677;recuperar;Verb;0,0126;recuperar recuperó recupera;;
678;económico;Adjektiv;0,0126;económica económico económicos;;
679;unir;Verb;0,0125;unió unirse une;;
680;central;Adjektiv;0,0125;central centrales;;
681;accidente;Nomen;0,0125;accidente accidentes;;
682;alegrar;Verb;0,0125;alegro alegra alegrará;;
683;paciente;Adjektiv;0,0125;paciente pacientes;;
684;encima;Adverb;0,0125;encima;;
685;afuera;Adverb;0,0125;afuera afueras;"lateinamerikanisch; in Spanien: fuera";
686;crecer;Verb;0,0125;crecer creció creciendo;;
687;increíble;Adjektiv;0,0125;increíble increíbles;;
688;rico;Adjektiv;0,0124;rico rica ricos;;
689;operación;Nomen;0,0124;operación operaciones;;
690;cantar;Verb;0,0124;cantar canta cantando;;
691;fecha;Nomen;0,0124;fecha fechas;;
692;bienvenido;Adjektiv;0,0124;bienvenido bienvenida bienvenidos;;
693;anunciar;Verb;0,0124;anunció anunciado anunciar;;
694;arreglar;Verb;0,0123;arreglar arreglarlo arregla;;
695;conducir;Verb;0,0123;conducir conduce conduciendo;;
696;isla;Nomen;0,0123;isla islas;;
697;fuente;Nomen;0,0123;fuente fuentes;;
698;estúpido;Adjektiv;0,0123;estúpido estúpida estúpidos;;
699;entrada;Nomen;0,0123;entrada entradas;;
700;experiencia;Nomen;0,0123;experiencia experiencias;;
701;chino;Adjektiv;0,0122;china chino chinos;;
702;mejorar;Verb;0,0122;mejorar mejora mejorando;;
703;cantidad;Nomen;0,0122;cantidad cantidades;;
704;mayo;Nomen;0,0122;mayo;;
705;café;Nomen;0,0122;café cafés;;
706;divertido;Adjektiv;0,0122;divertido divertida divertidas;;
707;sociedad;Nomen;0,0122;sociedad sociedades;;
708;pobre;Adjektiv;0,0122;pobre pobres;;
709;premio;Nomen;0,0122;premio premios premia;;
710;corte;Nomen;0,0122;corte cortes;;
711;sala;Nomen;0,0122;sala salas;;
712;temer;Verb;0,0122;temo teme temía;;
713;producción;Nomen;0,0122;producción producciones;;
714;disfrutar;Verb;0,0122;disfrutar disfruta disfrutando;;
715;dolor;Nomen;0,0121;dolor dolores;;
716;tonto;Adjektiv;0,0121;tonto tonta tontos;;
717;profesor;Nomen;0,0121;profesor profesores;;
718;ruso;Adjektiv;0,0121;ruso rusos rusa;;
719;interior;Nomen;0,0121;interior interiores;;
720;citar;Verb;0,0120;cita citando citar;;
721;formar;Verb;0,0120;formar forman formó;;
722;acercar;Verb;0,0120;acercarse acercó acércate;;
723;profesional;Adjektiv;0,0120;profesional profesionales;;
724;suyo;Begleiter;0,0120;suyo suya suyos;;
725;apoyo;Nomen;0,0120;apoyo apoyos;;
726;compartir;Verb;0,0120;compartir compartió comparte;;
727;departamento;Nomen;0,0120;departamento departamentos;"lateinamerikanisch; in Spanien: piso";
728;reunir;Verb;0,0120;reunió reunir reunirse;;
729;interés;Nomen;0,0119;interés intereses;;
730;avión;Nomen;0,0119;avión aviones;;
731;hotel;Nomen;0,0119;hotel hoteles;;
732;privado;Adjektiv;0,0119;privado privada privadas;;
733;informe;Nomen;0,0119;informe informes;;
734;ocho;Zahlwort;0,0118;ocho;;
735;octubre;Nomen;0,0118;octubre;;
736;banco;Nomen;0,0118;banco bancos;;
737;destacar;Verb;0,0118;destacó destaca destacar;;
738;ciento;Zahlwort;0,0118;ciento cientos;;
739;perdón;Nomen;0,0118;perdón perdones;;
740;tienda;Nomen;0,0118;tienda tiendas;;
741;enfrentar;Verb;0,0118;enfrentar enfrenta enfrentarse;;
742;versión;Nomen;0,0118;versión versiones;;
743;volar;Verb;0,0118;volar volando vuela;;
744;organización;Nomen;0,0118;organización organizaciones;;
745;posibilidad;Nomen;0,0117;posibilidad posibilidades;;
746;pena;Nomen;0,0117;pena penas;;
747;luchar;Verb;0,0117;luchar luchando luchó;;
748;caminar;Verb;0,0117;caminar caminando camina;;
749;caja;Nomen;0,0117;caja cajas;;
750;anoche;Adverb;0,0117;anoche;;
751;lanzar;Verb;0,0117;lanzó lanzar lance;;
752;septiembre;Nomen;0,0117;septiembre;;
753;izquierdo;Adjektiv;0,0117;izquierda izquierdo izquierdos;;
754;opción;Nomen;0,0116;opción opciones;;
755;enero;Nomen;0,0116;enero;;
756;común;Adjektiv;0,0116;común comunes;;
757;estación;Nomen;0,0116;estación estaciones estaciona;;
758;frío;Adjektiv;0,0116;frío fría frías;;
759;acompañar;Verb;0,0116;acompañado acompaña acompañar;;
760;televisión;Nomen;0,0116;televisión tv televisiones;;
761;celebrar;Verb;0,0116;celebrar celebra celebró;;
762;efecto;Nomen;0,0115;efecto efectos;;
763;libertad;Nomen;0,0115;libertad libertades;;
764;personaje;Nomen;0,0115;personaje personajes;;
765;mesa;Nomen;0,0115;mesa mesas;;
766;boca;Nomen;0,0115;boca bocas;;
767;diciembre;Nomen;0,0115;diciembre;;
768;mentir;Verb;0,0115;mintiendo mentir mintió;;
769;vuestro;Begleiter;0,0115;vuestra vuestro vuestros;;
770;normal;Adjektiv;0,0114;normal normales;;
771;título;Nomen;0,0114;título títulos;;
772;soldado;Nomen;0,0114;soldados soldado;;
773;pareja;Nomen;0,0114;pareja parejas;;
774;defensa;Nomen;0,0113;defensa defensas;;
775;respetar;Verb;0,0113;respeto respetar respeta;;
776;ministro;Nomen;0,0113;ministro ministros;;
777;victoria;Nomen;0,0113;victoria victorias;;
778;afirmar;Verb;0,0113;afirmó afirma afirman;;
779;vecino;Nomen;0,0113;vecinos vecino vecina;;
780;familiar;Adjektiv;0,0112;familiar familiares;;
781;junio;Nomen;0,0112;junio;;
782;escena;Nomen;0,0112;escena escenas;;
783;iniciar;Verb;0,0112;inició iniciar inicia;;
784;evento;Nomen;0,0111;evento eventos;;
785;vaya;Ausruf;0,0111;vaya;mehrdeutige Grundform;
786;guardar;Verb;0,0111;guarda guardar guardado;;
787;estudiante;Nomen;0,0111;estudiantes estudiante;;
788;época;Nomen;0,0110;época épocas;;
789;desaparecer;Verb;0,0110;desapareció desaparecer desaparece;;
790;entregar;Verb;0,0110;entregar entregó entregaron;;
791;sexo;Nomen;0,0110;sexo sexos;;
792;contacto;Nomen;0,0110;contacto contactos;;
793;suelo;Nomen;0,0110;suelo suelos;;
794;motivo;Nomen;0,0110;motivo motivos;;
795;domingo;Nomen;0,0110;domingo domingos;;
796;declarar;Verb;0,0110;declaró declarado declarar;;
797;barco;Nomen;0,0109;barco barcos;;
798;inglés;Nomen;0,0109;inglés ingleses inglesa;;
799;golpear;Verb;0,0109;golpeó golpear golpea;;
800;preferir;Verb;0,0109;prefiero preferiría prefiere;;
801;líder;Nomen;0,0109;líder líderes;;
802;marzo;Nomen;0,0109;marzo;;
803;riesgo;Nomen;0,0109;riesgo riesgos;;
804;tercero;Adjektiv;0,0108;tercera tercero terceros;;
805;caballo;Nomen;0,0108;caballo caballos;;
806;mar;Nomen;0,0108;mar mares marla;;
807;estilo;Nomen;0,0108;estilo estilos;;
808;baño;Nomen;0,0108;baño baños;;
809;superior;Adjektiv;0,0108;superior superiores superiora;;
810;actual;Adjektiv;0,0108;actual actuales;;
811;noviembre;Nomen;0,0108;noviembre;;
812;mente;Nomen;0,0107;mente mentes;;
813;artista;Nomen;0,0107;artista artistas;;
814;enfermedad;Nomen;0,0107;enfermedad enfermedades;;
815;sol;Nomen;0,0107;sol soles;;
816;francés;Adjektiv;0,0106;francés francesa franceses;;
817;máximo;Adjektiv;0,0106;máximo máxima máximos;;
818;enfermo;Adjektiv;0,0106;enfermo enferma enfermos;;
819;representar;Verb;0,0106;representa representan representar;;
820;señal;Nomen;0,0106;señal señales;;
821;recoger;Verb;0,0106;recoger recoge recogió;;
822;maestro;Nomen;0,0106;maestro maestros maestras;;
823;político;Adjektiv;0,0106;político políticos;;
824;llorar;Verb;0,0106;llorar llorando llora;;
825;gritar;Verb;0,0105;gritar gritando grito;;
826;crimen;Nomen;0,0105;crimen crímenes crimenes;;
827;permanecer;Verb;0,0105;permanecer permanece permaneció;;
828;resolver;Verb;0,0105;resolver resuelto resuelve;;
829;oro;Nomen;0,0105;oro oros;;
830;cuyo;Pronomen;0,0104;cuyo cuya cuyos;;
831;municipio;Nomen;0,0104;municipio municipios;;
832;atacar;Verb;0,0104;atacar atacó ataca;;
833;estudiar;Verb;0,0104;estudiar estudiando estudió;;
834;misión;Nomen;0,0104;misión misiones;;
835;maravilloso;Adjektiv;0,0104;maravilloso maravillosa maravillosas;;
836;necesidad;Nomen;0,0104;necesidad necesidades;;
837;presente;Adjektiv;0,0104;presente presentes;;
838;droga;Nomen;0,0104;drogas droga;;
839;novia;Nomen;0,0104;novia novias;;
840;ocasión;Nomen;0,0104;ocasiones ocasión;;
841;completamente;Adverb;0,0103;completamente;;
842;viajar;Verb;0,0103;viajar viaja viajó;;
843;odio;Nomen;0,0103;odio odios;;
844;justicia;Nomen;0,0103;justicia;;
845;huir;Verb;0,0103;huir huyendo huyó;;
846;demostrar;Verb;0,0103;demostrar demuestra demostró;;
847;terminado;Adjektiv;0,0102;terminado terminada terminados;;
848;nota;Nomen;0,0102;nota notas;;
849;jamás;Adverb;0,0102;jamás;;
850;desarrollar;Verb;0,0102;desarrollar desarrolló desarrolla;;
851;abril;Nomen;0,0102;abril;;
852;totalmente;Adverb;0,0102;totalmente;;
853;escrito;Adjektiv;0,0102;escrito escrita escritos;;
854;viernes;Nomen;0,0102;viernes;;
855;ocupado;Adjektiv;0,0102;ocupado ocupada ocupados;;
856;hogar;Nomen;0,0101;hogar hogares;;
857;unido;Adjektiv;0,0101;unidos unido unida;;
858;enemigo;Nomen;0,0101;enemigo enemigos enemiga;;
859;natural;Adjektiv;0,0101;natural naturales;;
860;preparado;Adjektiv;0,0101;preparado preparados preparada;;
861;civil;Adjektiv;0,0101;civil civiles;;
862;material;Adjektiv;0,0101;material materiales;;
863;brazo;Nomen;0,0100;brazo brazos;;
864;matrimonio;Nomen;0,0100;matrimonio matrimonios;;
865;vehículo;Nomen;0,0100;vehículo vehículos;;
866;gusto;Nomen;0,0100;gusto gustos;;
867;salida;Nomen;0,0100;salida salidas;;
868;venta;Nomen;0,0100;venta ventas;;
869;arte;Nomen;0,0100;arte;;
870;popular;Adjektiv;0,0100;popular populares;;
871;llave;Nomen;0,0100;llave llaves;;
872;casado;Adjektiv;0,0100;casado casada casados;;
873;diario;Adjektiv;0,0100;diario diarios diaria;;
874;construcción;Nomen;0,0099;construcción construcciones;;
875;agosto;Nomen;0,0099;agosto;;
876;depender;Verb;0,0099;depende dependiendo dependen;;
877;álbum;Nomen;0,0099;álbum álbumes;;
878;bailar;Verb;0,0099;bailar bailando baila;;
879;agradecer;Verb;0,0099;agradezco agradecer agradeció;;
880;publicar;Verb;0,0099;publicó publicar publica;;
881;tren;Nomen;0,0099;tren trenes;;
882;destruir;Verb;0,0098;destruir destruyó destruye;;
883;merecer;Verb;0,0098;merece mereces merezco;;
884;nave;Nomen;0,0097;nave naves;;
885;radio;Nomen;0,0097;radio radios;;
886;derecha;Nomen;0,0097;derecha derechas;;
887;visita;Nomen;0,0097;visita visitas;;
888;vestido;Adjektiv;0,0097;vestido vestidos vestida;;
889;provincia;Nomen;0,0097;provincia provincias;;
890;regalo;Nomen;0,0097;regalo regalos;;
891;lucha;Nomen;0,0097;lucha luchas;;
892;pelo;Nomen;0,0097;pelo pelos;;
893;dulce;Adjektiv;0,0097;dulce dulces;;
894;invitar;Verb;0,0097;invitó invita invito;;
895;piso;Nomen;0,0097;piso pisos;;
896;educación;Nomen;0,0097;educación;;
897;juez;Nomen;0,0097;juez jueces;;
898;capacidad;Nomen;0,0097;capacidad capacidades;;
899;video;Nomen;0,0097;video videos;"lateinamerikanisch; in Spanien: vídeo";
900;devolver;Verb;0,0097;devolver devuelve devolveré;;
901;nacer;Verb;0,0096;nació nace nacer;;
902;acto;Nomen;0,0096;acto actos;;
903;comprender;Verb;0,0096;comprendo comprender comprende;;
904;traje;Nomen;0,0096;traje trajes;;
905;disco;Nomen;0,0096;disco discos;;
906;trabajador;Nomen;0,0096;trabajadores trabajador trabajadora;;
907;original;Adjektiv;0,0096;original originales;;
908;tarjeta;Nomen;0,0096;tarjeta tarjetas;;
909;campaña;Nomen;0,0096;campaña campañas;;
910;honor;Nomen;0,0095;honor honores;;
911;establecer;Verb;0,0095;establecer estableció establece;;
912;costar;Verb;0,0095;cuesta costó costará;;
913;actualmente;Adverb;0,0095;actualmente;;
914;cerrado;Adjektiv;0,0095;cerrado cerrada cerrados;;
915;esconder;Verb;0,0095;esconde esconder escondiendo;;
916;disculpa;Nomen;0,0095;disculpa disculpas;;
917;imposible;Adjektiv;0,0094;imposible imposibles;;
918;peligroso;Adjektiv;0,0094;peligroso peligrosa peligrosos;;
919;sumar;Verb;0,0094;suma sumar suman;;
920;prensa;Nomen;0,0094;prensa prensas;;
921;aumentar;Verb;0,0094;aumentar aumenta aumentó;;
922;opinión;Nomen;0,0094;opinión opiniones;;
923;golpe;Nomen;0,0094;golpe golpes;;
924;retirar;Verb;0,0094;retiró retirarse retirar;;
925;boda;Nomen;0,0093;boda bodas;;
926;apoyar;Verb;0,0093;apoyar apoya apoyado;;
927;febrero;Nomen;0,0093;febrero;;
928;interesante;Adjektiv;0,0093;interesante interesantes;;
929;pista;Nomen;0,0093;pista pistas;;
930;peligro;Nomen;0,0093;peligro peligros;;
931;especialmente;Adverb;0,0093;especialmente;;
932;conjunto;Adjektiv;0,0093;conjunto conjunta conjuntos;;
933;verano;Nomen;0,0092;verano;;
934;parque;Nomen;0,0092;parque parques;;
935;defender;Verb;0,0092;defender defiende defendió;;
936;responsable;Adjektiv;0,0092;responsable responsables;;
937;generar;Verb;0,0092;generar genera generó;;
938;capital;Nomen;0,0092;capital capitales;;
939;detalle;Nomen;0,0092;detalles detalle;;
940;destino;Nomen;0,0092;destino destinos;;
941;apenas;Adverb;0,0092;apenas;;
942;directo;Adjektiv;0,0092;directo directa directos;;
943;alma;Nomen;0,0092;alma almas;;
944;visitar;Verb;0,0092;visitar visitó visitado;;
945;novio;Nomen;0,0092;novio novios;;
946;negar;Verb;0,0091;negó niega negar;;
947;simple;Adjektiv;0,0091;simple simples;;
948;regla;Nomen;0,0091;reglas regla;;
949;árbol;Nomen;0,0091;árbol árboles;;
950;marcha;Nomen;0,0091;marcha marchas;;
951;mencionar;Verb;0,0091;mencionó mencionar menciona;;
952;acceso;Nomen;0,0091;acceso accesos;;
953;marchar;Verb;0,0091;marchar marchó marcharse;;
954;alemán;Adjektiv;0,0091;alemán alemanes alemana;;
955;vosotros;Pronomen;0,0091;vosotros vosotras;;
956;bar;Nomen;0,0091;bar bares bando;;
957;juicio;Nomen;0,0091;juicio juicios;;
958;función;Nomen;0,0091;función funciones;;
959;pelear;Verb;0,0091;pelear peleando pelean;;
960;propiedad;Nomen;0,0090;propiedad propiedades;;
961;medido;Adjektiv;0,0090;medida medido medidos;;
962;salvo;Adverb;0,0090;salvo salvos;;
963;ciudadano;Nomen;0,0090;ciudadanos ciudadano ciudadana;;
964;prisión;Nomen;0,0090;prisión prisiones;;
965;cárcel;Nomen;0,0090;cárcel cárceles;;
966;grado;Nomen;0,0090;grado grados;;
967;sábado;Nomen;0,0090;sábado sábados;;
968;controlar;Verb;0,0090;controlar controla controlan;;
969;equivocado;Adjektiv;0,0090;equivocado equivocada equivocados;;
970;acordar;Verb;0,0089;acuerdas acuerda acordó;;
971;vino;Nomen;0,0089;vino vinos;mehrdeutige Grundform;
972;pelea;Nomen;0,0089;pelea peleas;;
973;batalla;Nomen;0,0089;batalla batallas;;
974;observar;Verb;0,0089;observar observa observando;;
975;duda;Nomen;0,0088;duda dudas;mehrdeutige Grundform;
976;lunes;Nomen;0,0088;lunes;;
977;cuestión;Nomen;0,0088;cuestión cuestiones;;
978;cena;Nomen;0,0088;cena cenas;;
979;flor;Nomen;0,0088;flores flor;;
980;fútbol;Nomen;0,0088;fútbol;;
981;diverso;Adjektiv;0,0088;diversos diversas diversa;;
982;década;Nomen;0,0088;década décadas;;
983;azul;Adjektiv;0,0088;azul azules;;
984;prestar;Verb;0,0088;prestado prestar presta;;
985;pierna;Nomen;0,0088;piernas pierna;;
986;físico;Adjektiv;0,0087;física físico físicas;;
987;contrato;Nomen;0,0087;contrato contratos;;
988;municipal;Adjektiv;0,0087;municipal municipales;;
989;causar;Verb;0,0087;causar causó causado;;
990;registro;Nomen;0,0087;registro registros;;
991;barrio;Nomen;0,0087;barrio barrios;;
992;manejar;Verb;0,0087;manejar maneja manejarlo;"lateinamerikanisch; in Spanien: conducir";
993;estadounidense;Adjektiv;0,0087;estadounidense estadounidenses;;
994;doble;Adjektiv;0,0087;doble dobles;;
995;territorio;Nomen;0,0087;territorio territorios;;
996;testigo;Nomen;0,0087;testigo testigos;;
997;comercial;Adjektiv;0,0087;comercial comerciales;;
998;término;Nomen;0,0086;término términos;;
999;instituto;Nomen;0,0086;instituto institutos;;
1000;cine;Nomen;0,0086;cine cines;;
1001;vuelo;Nomen;0,0086;vuelo vuelos;;
1002;lamento;Nomen;0,0086;lamento lamentos;;
1003;ventana;Nomen;0,0086;ventana ventanas;;
1004;provocar;Verb;0,0086;provocó provoca provocar;;
1005;euro;Nomen;0,0085;euros euro;;
1006;voto;Nomen;0,0085;votos voto;;
1007;broma;Nomen;0,0085;broma bromas;;
1008;fiscal;Nomen;0,0085;fiscal fiscales;;
1009;ministerio;Nomen;0,0084;ministerio ministerios;;
1010;encargar;Verb;0,0084;encargaré encarga encargó;;
1011;trasero;Nomen;0,0084;trasero trasera traseros;;
1012;dama;Nomen;0,0084;damas dama;;
1013;sorpresa;Nomen;0,0084;sorpresa sorpresas;;
1014;apuntar;Verb;0,0084;apunta apuntó apuntan;;
1015;sencillo;Adjektiv;0,0084;sencillo sencilla sencillas;;
1016;jurar;Verb;0,0084;juro juró jurar;;
1017;recurso;Nomen;0,0083;recursos recurso;;
1018;amenazar;Verb;0,0083;amenaza amenazó amenazando;;
1019;esperanza;Nomen;0,0083;esperanza esperanzas;;
1020;verde;Adjektiv;0,0083;verde verdes;;
1021;terrible;Adjektiv;0,0083;terrible terribles;;
1022;preocupado;Adjektiv;0,0083;preocupado preocupada preocupados;;
1023;hambre;Nomen;0,0083;hambre;;
1024;adónde;Pronomen;0,0083;adónde;;
1025;revisar;Verb;0,0083;revisar revisa revisando;;
1026;pertenecer;Verb;0,0083;pertenece pertenecen pertenecía;;
1027;alejar;Verb;0,0083;aléjate aleja alejarse;;
1028;nación;Nomen;0,0082;nación naciones;;
1029;piedra;Nomen;0,0082;piedra piedras;;
1030;planeta;Nomen;0,0082;planeta planetas;;
1031;grave;Adjektiv;0,0082;grave graves;;
1032;confirmar;Verb;0,0082;confirmó confirmar confirma;;
1033;investigar;Verb;0,0082;investigar investigando investigado;;
1034;velocidad;Nomen;0,0082;velocidad velocidades;;
1035;pieza;Nomen;0,0082;piezas pieza;;
1036;menudo;Nomen;0,0082;menudo menuda menudos;;
1037;plaza;Nomen;0,0082;plaza plazas;;
1038;superar;Verb;0,0082;superar supera superó;;
1039;dudar;Verb;0,0082;duda dudo dudar;mehrdeutige Grundform;
1040;presencia;Nomen;0,0082;presencia presencias;;
1041;elemento;Nomen;0,0082;elementos elemento;;
1042;montón;Nomen;0,0082;montón;;
1043;cubrir;Verb;0,0082;cubrir cubre cubriendo;;
1044;aun;Adverb;0,0082;aun;;
1045;objeto;Nomen;0,0082;objeto objetos;;
1046;oscuro;Adjektiv;0,0082;oscuro oscura oscuras;;
1047;reina;Nomen;0,0082;reina reinas;;
1048;cultura;Nomen;0,0082;cultura culturas;;
1049;placer;Nomen;0,0081;placer placeres;;
1050;cercano;Adjektiv;0,0081;cercano cercana cercanos;;
1051;comunicación;Nomen;0,0081;comunicación comunicaciones;;
1052;calidad;Nomen;0,0081;calidad calidades;;
1053;comisión;Nomen;0,0081;comisión comisiones;;
1054;máquina;Nomen;0,0081;máquina máquinas;;
1055;ciencia;Nomen;0,0081;ciencia ciencias;;
1056;costa;Nomen;0,0081;costa costas;;
1057;falso;Adjektiv;0,0080;falso falsa falsas;;
1058;horrible;Adjektiv;0,0080;horrible horribles;;
1059;invitado;Adjektiv;0,0080;invitado invitados invitada;;
1060;atrapar;Verb;0,0080;atrapar atraparon atrapó;;
1061;teatro;Nomen;0,0080;teatro teatros;;
1062;famoso;Adjektiv;0,0080;famoso famosa famosos;;
1063;delante;Adverb;0,0080;delante;;
1064;inteligente;Adjektiv;0,0080;inteligente inteligentes;;
1065;esposo;Nomen;0,0080;esposo esposos;;
1066;asesinado;Adjektiv;0,0080;asesinado asesinada asesinados;;
1067;científico;Nomen;0,0080;científicos científico científica;;
1068;aspecto;Nomen;0,0080;aspecto aspectos;;
1069;federal;Adjektiv;0,0080;federal federales;;
1070;colegio;Nomen;0,0080;colegio colegios;;
1071;nueve;Zahlwort;0,0079;nueve;;
1072;entendido;Adjektiv;0,0079;entendido entendidos entendida;;
1073;silencio;Nomen;0,0079;silencio silencios;;
1074;espalda;Nomen;0,0079;espalda espaldas;;
1075;escenario;Nomen;0,0079;escenario escenarios;;
1076;herido;Adjektiv;0,0079;herido heridos;;
1077;agregar;Verb;0,0079;agregó agrega agregar;;
1078;herida;Nomen;0,0079;herida heridas;;
1079;compra;Nomen;0,0079;compra compras;;
1080;temprano;Adverb;0,0079;temprano temprana tempranas;;
1081;permiso;Nomen;0,0079;permiso permisos;;
1082;gracioso;Adjektiv;0,0079;gracioso graciosa graciosos;;
1083;kilómetro;Nomen;0,0078;kilómetros kilómetro;;
1084;navidad;Nomen;0,0078;navidad navidades;;
1085;averiguar;Verb;0,0078;averiguar averiguarlo averigua;;
1086;tecnología;Nomen;0,0078;tecnología tecnologías;;
1087;regreso;Nomen;0,0078;regreso;;
1088;revista;Nomen;0,0078;revista revistas;;
1089;luna;Nomen;0,0078;luna lunas;;
1090;sexual;Adjektiv;0,0078;sexual sexuales;;
1091;liga;Nomen;0,0078;liga ligas;;
1092;vía;Nomen;0,0078;vía vías;;
1093;pasado;Adjektiv;0,0078;pasada pasados pasadas;;
1094;contrario;Adjektiv;0,0078;contrario contraria contrarios;;
1095;carne;Nomen;0,0078;carne carnes;;
1096;diseño;Nomen;0,0078;diseño diseños;;
1097;amable;Adjektiv;0,0078;amable amables;;
1098;debajo;Adverb;0,0078;debajo;;
1099;cocina;Nomen;0,0078;cocina cocinas;;
1100;contener;Verb;0,0077;contiene contener contienen;;
1101;declaración;Nomen;0,0077;declaración declaraciones;;
1102;presión;Nomen;0,0077;presión presiones;;
1103;edición;Nomen;0,0077;edición ediciones;;
1104;requerir;Verb;0,0077;requiere requieren requerido;;
1105;cumpleaños;Nomen;0,0077;cumpleaños;;
1106;actor;Nomen;0,0077;actor actores;;
1107;esfuerzo;Nomen;0,0077;esfuerzo esfuerzos;;
1108;abuela;Nomen;0,0077;abuela abuelas;;
1109;puesto;Nomen;0,0077;puestos puesta puestas;;
1110;americano;Adjektiv;0,0077;americano americanos americana;;
1111;abuelo;Nomen;0,0077;abuelo abuelos;;
1112;mediante;Präposition;0,0077;mediante;;
1113;sostener;Verb;0,0076;sostuvo sostiene sostener;;
1114;armado;Adjektiv;0,0076;armada armado armadas;;
1115;cansado;Adjektiv;0,0076;cansado cansada cansados;;
1116;ángel;Nomen;0,0076;ángeles ángel;;
1117;poseer;Verb;0,0076;posee poseen poseía;;
1118;origen;Nomen;0,0076;origen orígenes;;
1119;interesar;Verb;0,0076;interesa interesan interesó;;
1120;bomba;Nomen;0,0076;bomba bombas;;
1121;ingreso;Nomen;0,0076;ingresos ingreso;;
1122;revelar;Verb;0,0076;reveló revela revelar;;
1123;musical;Adjektiv;0,0076;musical musicales;;
1124;página;Nomen;0,0076;página páginas;;
1125;calmar;Verb;0,0076;cálmate cálmese calmar;;
1126;acá;Adverb;0,0076;acá;"lateinamerikanisch; in Spanien: aquí";
1127;combatir;Verb;0,0076;combate combatir combatiendo;;
1128;bolsa;Nomen;0,0076;bolsa bolsas;;
1129;registrar;Verb;0,0076;registró registraron registrar;;
1130;cerebro;Nomen;0,0076;cerebro cerebros;;
1131;asumir;Verb;0,0076;asumir asumió asumo;;
1132;cometer;Verb;0,0076;cometer cometió cometí;;
1133;memoria;Nomen;0,0076;memoria memorias;;
1134;intención;Nomen;0,0075;intención intenciones;;
1135;admitir;Verb;0,0075;admitir admite admitió;;
1136;histórico;Adjektiv;0,0075;histórico histórica históricos;;
1137;entero;Adjektiv;0,0075;entero entera enteras;;
1138;enorme;Adjektiv;0,0075;enorme enormes;;
1139;baile;Nomen;0,0075;baile bailes;;
1140;institución;Nomen;0,0075;institución instituciones;;
1141;doler;Verb;0,0075;duele doler dolió;;
1142;plantar;Verb;0,0075;planta plantar plantó;;
1143;puente;Nomen;0,0075;puente puentes;;
1144;jueves;Nomen;0,0075;jueves;;
1145;firmar;Verb;0,0075;firmar firmó firmaron;;
1146;expresar;Verb;0,0075;expresó expresar expresa;;
1147;pared;Nomen;0,0075;pared paredes;;
1148;canal;Nomen;0,0075;canal canales;;
1149;motor;Nomen;0,0074;motor motores;;
1150;emergencia;Nomen;0,0074;emergencia emergencias;;
1151;documento;Nomen;0,0074;documentos documento;;
1152;extranjero;Adjektiv;0,0074;extranjero extranjeros extranjera;;
1153;ordenar;Verb;0,0074;ordenó ordena ordenar;;
1154;pago;Nomen;0,0074;pago pagos;;
1155;triste;Adjektiv;0,0074;triste tristes;;
1156;tarea;Nomen;0,0074;tarea tareas;;
1157;excelente;Adjektiv;0,0074;excelente excelentes;;
1158;puerto;Nomen;0,0074;puerto puertos;;
1159;hallar;Verb;0,0074;hallar hallado halla;;
1160;activo;Adjektiv;0,0074;activos activo activa;;
1161;mentira;Nomen;0,0074;mentira mentiras;;
1162;limpio;Adjektiv;0,0074;limpio limpia limpias;;
1163;caliente;Adjektiv;0,0074;caliente calientes;;
1164;soltar;Verb;0,0074;suéltame soltar suéltalo;;
1165;sentimiento;Nomen;0,0074;sentimientos sentimiento;;
1166;afectar;Verb;0,0074;afecta afectar afectan;;
1167;protección;Nomen;0,0074;protección protecciones;;
1168;añadir;Verb;0,0074;añadió añadir añade;;
1169;discutir;Verb;0,0074;discutir discutiendo discutimos;;
1170;sonido;Nomen;0,0074;sonido sonidos;;
1171;pegar;Verb;0,0073;pegó pega pegar;;
1172;llevado;Adjektiv;0,0073;llevado llevada llevados;;
1173;periódico;Nomen;0,0073;periódico periódicos periódica;;
1174;sobrevivir;Verb;0,0073;sobrevivir sobrevivió sobrevive;;
1175;sugerir;Verb;0,0073;sugiere sugiero sugirió;;
1176;economía;Nomen;0,0073;economía economías;;
1177;cerveza;Nomen;0,0073;cerveza cervezas;;
1178;tribunal;Nomen;0,0073;tribunal tribunales;;
1179;similar;Adjektiv;0,0072;similar similares;;
1180;gol;Nomen;0,0072;gol goles;nachrichtentypisch (Sport);
1181;basura;Nomen;0,0072;basura basuras;;
1182;piel;Nomen;0,0072;piel pieles;;
1183;altura;Nomen;0,0072;altura alturas;;
1184;tamaño;Nomen;0,0072;tamaño tamaños;;
1185;martes;Nomen;0,0072;martes;;
1186;profundo;Adjektiv;0,0072;profundo profunda profundas;;
1187;carga;Nomen;0,0072;carga cargas;;
1188;repetir;Verb;0,0072;repito repetir repite;;
1189;elegido;Adjektiv;0,0072;elegido elegida elegidos;;
1190;inicio;Nomen;0,0072;inicio inicios;;
1191;prisa;Nomen;0,0072;prisa prisas;;
1192;dicho;Adjektiv;0,0072;dicha dichos dichas;;
1193;respirar;Verb;0,0072;respirar respira respiro;;
1194;curso;Nomen;0,0071;curso cursos;;
1195;corto;Adjektiv;0,0071;corto cortos cortas;;
1196;bosque;Nomen;0,0071;bosque bosques;;
1197;positivo;Adjektiv;0,0071;positivo positiva positivos;;
1198;reducir;Verb;0,0071;reducir reduce redujo;;
1199;oferta;Nomen;0,0071;oferta ofertas;;
1200;guardia;Nomen;0,0071;guardia;;
1201;pérdida;Nomen;0,0071;pérdida pérdidas;;
1202;técnica;Nomen;0,0071;técnica técnicas;;
1203;asociación;Nomen;0,0071;asociación asociaciones;;
1204;gas;Nomen;0,0071;gas gases;;
1205;tercer;Adjektiv;0,0071;tercer;;
1206;adulto;Nomen;0,0071;adultos adulto adulta;;
1207;usuario;Nomen;0,0071;usuarios usuario;;
1208;mexicano;Adjektiv;0,0071;mexicano mexicana mexicanos;nachrichtentypisch (lateinamerikanische Nachrichten);
1209;disponible;Adjektiv;0,0070;disponible disponibles;;
1210;sorprender;Verb;0,0070;sorprende sorprendió sorprendería;;
1211;código;Nomen;0,0070;código códigos;;
1212;dedo;Nomen;0,0070;dedos dedo;;
1213;conversación;Nomen;0,0070;conversación conversaciones;;
1214;violencia;Nomen;0,0070;violencia violencias;;
1215;gobernador;Nomen;0,0070;gobernador gobernadores;;
1216;publicado;Adjektiv;0,0070;publicado publicada publicados;;
1217;responsabilidad;Nomen;0,0070;responsabilidad responsabilidades;;
1218;etapa;Nomen;0,0070;etapa etapas;;
1219;pedido;Adjektiv;0,0070;pedido pedidos pedida;;
1220;cruzar;Verb;0,0070;cruzar cruza cruzando;;
1221;descansar;Verb;0,0070;descansar descansa descanse;;
1222;locura;Nomen;0,0070;locura locuras;;
1223;transporte;Nomen;0,0070;transporte transportes;;
1224;reír;Verb;0,0070;reír ríe riendo;;
1225;odiar;Verb;0,0069;odia odiaba odian;;
1226;renunciar;Verb;0,0069;renunciar renuncia renunció;;
1227;orgulloso;Adjektiv;0,0069;orgulloso orgullosa orgullosos;;
1228;dispuesto;Adjektiv;0,0069;dispuesto dispuesta dispuestos;;
1229;ex;Adjektiv;0,0069;ex;;
1230;alcalde;Nomen;0,0069;alcalde alcaldes;;
1231;naturaleza;Nomen;0,0069;naturaleza naturalezas;;
1232;pensado;Adjektiv;0,0069;pensado pensada pensados;;
1233;distancia;Nomen;0,0069;distancia distancias;;
1234;propuesta;Nomen;0,0069;propuesta propuestas;;
1235;divertir;Verb;0,0069;divertirse divirtiendo diviértete;;
1236;inmediato;Adjektiv;0,0069;inmediato inmediata inmediatos;;
1237;aumento;Nomen;0,0069;aumento aumentos;;
1238;enamorado;Adjektiv;0,0069;enamorado enamorada enamorados;;
1239;restaurante;Nomen;0,0069;restaurante restaurantes;;
1240;avanzar;Verb;0,0069;avanzar avanza avanzando;;
1241;cenar;Verb;0,0069;cenar cenamos cenando;;
1242;autor;Nomen;0,0069;autor autores;;
1243;delito;Nomen;0,0069;delito delitos;;
1244;práctica;Nomen;0,0069;práctica prácticas;;
1245;agradable;Adjektiv;0,0069;agradable agradables;;
1246;apostar;Verb;0,0069;apuesta apostar apostando;;
1247;solución;Nomen;0,0068;solución soluciones;;
1248;solicitar;Verb;0,0068;solicitó solicitar solicitado;;
1249;interno;Adjektiv;0,0068;interna interno internos;;
1250;eléctrico;Adjektiv;0,0068;eléctrica eléctrico eléctricos;;
1251;industria;Nomen;0,0068;industria industrias;;
1252;tía;Nomen;0,0068;tía tías;;
1253;precioso;Adjektiv;0,0068;preciosa precioso preciosas;;
1254;detenido;Adjektiv;0,0068;detenido detenidos detenida;;
1255;proponer;Verb;0,0068;propone propuso propuesto;;
1256;carretera;Nomen;0,0068;carretera carreteras;;
1257;particular;Adjektiv;0,0068;particular particulares;;
1258;rato;Nomen;0,0068;rato ratos;;
1259;crisis;Nomen;0,0067;crisis;;
1260;nervioso;Adjektiv;0,0067;nervioso nerviosa nerviosos;;
1261;desaparecido;Adjektiv;0,0067;desaparecido desaparecida desaparecidos;;
1262;división;Nomen;0,0067;división divisiones;;
1263;figura;Nomen;0,0067;figura figuras;;
1264;clave;Nomen;0,0067;clave claves;;
1265;asustar;Verb;0,0067;asusta asustó asustar;;
1266;llama;Nomen;0,0067;llamas;;
1267;importancia;Nomen;0,0067;importancia;;
1268;torre;Nomen;0,0067;torre torres;;
1269;ruta;Nomen;0,0067;ruta rutas;;
1270;playa;Nomen;0,0067;playa playas;;
1271;copa;Nomen;0,0067;copa copas;;
1272;consecuencia;Nomen;0,0067;consecuencia consecuencias;;
1273;solamente;Adverb;0,0067;solamente;;
1274;enterar;Verb;0,0067;enteré enteró entere;;
1275;relacionado;Adjektiv;0,0067;relacionados relacionado relacionadas;;
1276;lluvia;Nomen;0,0067;lluvia lluvias;;
1277;habitante;Nomen;0,0067;habitantes habitante;;
1278;eliminar;Verb;0,0067;eliminar eliminado elimina;;
1279;estructura;Nomen;0,0067;estructura estructuras;;
1280;conocimiento;Nomen;0,0067;conocimiento conocimientos;;
1281;efectivo;Adjektiv;0,0067;efectivo efectivos efectiva;;
1282;peso;Nomen;0,0066;peso;;
1283;bello;Adjektiv;0,0066;bella bello bellas;;
1284;entrevistar;Verb;0,0066;entrevista entrevistar entrevistó;;
1285;confianza;Nomen;0,0066;confianza confianzas;;
1286;formación;Nomen;0,0066;formación formaciones;;
1287;trasladar;Verb;0,0066;trasladado trasladó trasladar;;
1288;montaña;Nomen;0,0065;montaña montañas;;
1289;unión;Nomen;0,0065;unión uniones;;
1290;británico;Adjektiv;0,0065;británico británica británicos;;
1291;viento;Nomen;0,0065;viento vientos;;
1292;comprobar;Verb;0,0065;comprobar comprobado comprueba;;
1293;torneo;Nomen;0,0065;torneo torneos;nachrichtentypisch (Sport);
1294;medida;Nomen;0,0065;medidas;;
1295;miércoles;Nomen;0,0065;miércoles;;
1296;infierno;Nomen;0,0065;infierno infiernos;;
1297;campeón;Nomen;0,0065;campeón campeones;;
1298;legal;Adjektiv;0,0065;legal legales;;
1299;despedir;Verb;0,0065;despedir despedirme despidió;;
1300;advertir;Verb;0,0065;advirtió advierte advierto;;
1301;seguido;Adjektiv;0,0065;seguido seguida seguidos;;
1302;colocar;Verb;0,0065;colocar coloca colocó;;
1303;aprovechar;Verb;0,0065;aprovechar aprovechó aprovechando;;
1304;administración;Nomen;0,0065;administración administraciones;;
1305;aprobar;Verb;0,0065;aprobado aprobó aprobar;;
1306;fe;Nomen;0,0065;fe;;
1307;propósito;Nomen;0,0065;propósito propósitos;;
1308;utilizado;Adjektiv;0,0065;utilizado utilizada utilizados;;
1309;comienzo;Nomen;0,0065;comienzo comienzos;;
1310;doctora;Nomen;0,0065;doctora doctorales;;
1311;absoluto;Adjektiv;0,0064;absoluto absoluta absolutas;;
1312;apagar;Verb;0,0064;apaga apagar apagado;;
1313;posteriormente;Adverb;0,0064;posteriormente;;
1314;temperatura;Nomen;0,0064;temperatura temperaturas;;
1315;quemar;Verb;0,0064;quema quemar quemó;;
1316;periodista;Nomen;0,0064;periodista periodistas;;
1317;mínimo;Adjektiv;0,0064;mínimo mínima mínimos;;
1318;héroe;Nomen;0,0064;héroe héroes;;
1319;episodio;Nomen;0,0064;episodio episodios;;
1320;exacto;Adjektiv;0,0064;exacto exacta exactas;;
1321;cubierto;Adjektiv;0,0064;cubierta cubierto cubiertas;;
1322;besar;Verb;0,0064;besar bésame besa;;
1323;compromiso;Nomen;0,0064;compromiso compromisos;;
1324;tratamiento;Nomen;0,0064;tratamiento tratamientos;;
1325;vacío;Adjektiv;0,0064;vacío vacía vacías;;
1326;zapato;Nomen;0,0064;zapatos zapato;;
1327;culpable;Adjektiv;0,0064;culpable culpables;;
1328;engañar;Verb;0,0064;engañar engañando engañó;;
1329;deportivo;Adjektiv;0,0064;deportivo deportiva deportivos;;
1330;cultural;Adjektiv;0,0064;cultural culturales;;
1331;búsqueda;Nomen;0,0064;búsqueda búsquedas;;
1332;crítica;Nomen;0,0064;críticas crítica;;
1333;instalación;Nomen;0,0063;instalaciones instalación;;
1334;gira;Nomen;0,0063;gira giras;;
1335;dedicar;Verb;0,0063;dedicó dedica dedicarse;;
1336;vivienda;Nomen;0,0063;vivienda viviendas;;
1337;oler;Verb;0,0063;huele oler hueles;;
1338;adentro;Adverb;0,0063;adentro adentros;"lateinamerikanisch; in Spanien: dentro";
1339;mudar;Verb;0,0063;mudó mudarse muda;;
1340;avisar;Verb;0,0063;avisar avisado avísame;;
1341;castillo;Nomen;0,0063;castillo castillos;;
1342;cadena;Nomen;0,0063;cadena cadenas;;
1343;encantado;Adjektiv;0,0063;encantado encantada encantados;;
1344;limpiar;Verb;0,0063;limpiar limpiando limpiarlo;;
1345;excepto;Präposition;0,0063;excepto;;
1346;categoría;Nomen;0,0063;categoría categorías;;
1347;distrito;Nomen;0,0063;distrito distritos;;
1348;agencia;Nomen;0,0063;agencia agencias;;
1349;obligar;Verb;0,0063;obligó obliga obligaron;;
1350;directamente;Adverb;0,0063;directamente;;
1351;camión;Nomen;0,0063;camión camiones;;
1352;ambiente;Nomen;0,0062;ambiente ambientes;;
1353;localidad;Nomen;0,0062;localidad localidades;;
1354;rendir;Verb;0,0062;rendir rendirse rindo;;
1355;espectáculo;Nomen;0,0062;espectáculo espectáculos;;
1356;denunciar;Verb;0,0062;denuncia denunció denunciar;;
1357;felicidad;Nomen;0,0062;felicidad felicidades;;
1358;concierto;Nomen;0,0062;concierto conciertos;;
1359;toque;Nomen;0,0062;toque toques;;
1360;dirigido;Adjektiv;0,0062;dirigido dirigida dirigidos;;
1361;extrañar;Verb;0,0062;extraña extrañar extrañaba;"lateinamerikanisch; in Spanien: echar de menos";
1362;agarrar;Verb;0,0062;agarra agarrar agarró;;
1363;separar;Verb;0,0062;separar separa separó;;
1364;secundario;Adjektiv;0,0062;secundaria secundario secundarios;;
1365;huevo;Nomen;0,0062;huevos huevo;;
1366;usado;Adjektiv;0,0062;usado usada usados;;
1367;teoría;Nomen;0,0062;teoría teorías;;
1368;selección;Nomen;0,0062;selección selecciones;;
1369;habilidad;Nomen;0,0061;habilidades habilidad;;
1370;sujeto;Adjektiv;0,0061;sujeto sujetos sujeta;;
1371;fantástico;Adjektiv;0,0061;fantástico fantástica fantásticos;;
1372;frontera;Nomen;0,0061;frontera fronteras;;
1373;enseguida;Adverb;0,0061;enseguida;;
1374;museo;Nomen;0,0061;museo museos;;
1375;soportar;Verb;0,0061;soportar soporto soportarlo;;
1376;deporte;Nomen;0,0061;deporte deportes;;
1377;creado;Adjektiv;0,0061;creado creada creados;;
1378;actuación;Nomen;0,0061;actuación actuaciones;;
1379;ubicado;Adjektiv;0,0061;ubicado ubicada ubicados;;
1380;brillante;Adjektiv;0,0061;brillante brillantes;;
1381;gato;Nomen;0,0061;gato gatos;;
1382;laboratorio;Nomen;0,0061;laboratorio laboratorios;;
1383;saltar;Verb;0,0061;saltar saltó saltando;;
1384;rosa;Nomen;0,0061;rosa rosas;;
1385;criminal;Adjektiv;0,0061;criminal criminales;;
1386;período;Nomen;0,0061;período períodos;;
1387;lengua;Nomen;0,0061;lengua lenguas;;
1388;inocente;Adjektiv;0,0060;inocente inocentes;;
1389;demanda;Nomen;0,0060;demanda demandas;;
1390;jornada;Nomen;0,0060;jornada jornadas;;
1391;firma;Nomen;0,0060;firma firmas;;
1392;calor;Nomen;0,0060;calor;;
1393;pintura;Nomen;0,0060;pintura pinturas;;
1394;terreno;Nomen;0,0060;terreno terrenos;;
1395;funcionario;Nomen;0,0060;funcionarios funcionario funcionaria;;
1396;inversión;Nomen;0,0060;inversión inversiones;;
1397;entrenador;Nomen;0,0060;entrenador entrenadores;;
1398;atender;Verb;0,0060;atender atiende atendiendo;;
1399;ejecutivo;Nomen;0,0059;ejecutivo ejecutiva ejecutivos;;
1400;guapo;Adjektiv;0,0059;guapo guapa guapos;;
1401;colega;Nomen;0,0059;colega colegas;;
1402;alimento;Nomen;0,0059;alimentos alimento;;
1403;cuello;Nomen;0,0059;cuello cuellos;;
1404;robo;Nomen;0,0059;robo robos;;
1405;acusado;Adjektiv;0,0059;acusado acusados acusada;;
1406;asiento;Nomen;0,0059;asiento asientos;;
1407;apartamento;Nomen;0,0059;apartamento apartamentos;;
1408;fallar;Verb;0,0059;falla fallado falló;;
1409;conflicto;Nomen;0,0059;conflicto conflictos;;
1410;judío;Nomen;0,0059;judíos judío judía;;
1411;generación;Nomen;0,0059;generación generaciones;;
1412;jardín;Nomen;0,0059;jardín jardines;;
1413;veras;Nomen;0,0059;veras;;
1414;articular;Verb;0,0059;artículo articular articula;;
1415;inmediatamente;Adverb;0,0059;inmediatamente;;
1416;participación;Nomen;0,0059;participación participaciones;;
1417;turno;Nomen;0,0059;turno turnos;;
1418;complejo;Adjektiv;0,0059;complejo compleja complejos;;
1419;estatal;Adjektiv;0,0059;estatal estatales;;
1420;dueño;Nomen;0,0059;dueño dueños;;
1421;técnico;Adjektiv;0,0059;técnico técnicos;;
1422;liberar;Verb;0,0058;liberar libera liberó;;
1423;entrega;Nomen;0,0058;entrega entregas;;
1424;impuesto;Nomen;0,0058;impuestos impuesto impuestas;;
1425;bromear;Verb;0,0058;bromeando bromeaba bromear;;
1426;pretender;Verb;0,0058;pretende pretendía pretendo;;
1427;género;Nomen;0,0058;género géneros;;
1428;oeste;Nomen;0,0058;oeste;;
1429;plataforma;Nomen;0,0058;plataforma plataformas;;
1430;convencer;Verb;0,0058;convencer convenció convence;;
1431;medicina;Nomen;0,0058;medicina medicinas;;
1432;rápidamente;Adverb;0,0058;rápidamente;;
1433;tiro;Nomen;0,0058;tiro tiros;;
1434;culpar;Verb;0,0058;culpa culpar culpó;mehrdeutige Grundform;
1435;texto;Nomen;0,0058;texto textos;;
1436;aguantar;Verb;0,0058;aguanta aguantar aguanto;;
1437;visión;Nomen;0,0058;visión visiones;;
1438;deseo;Nomen;0,0058;deseo deseos;mehrdeutige Grundform;
1439;marco;Nomen;0,0058;marco;;
1440;adecuado;Adjektiv;0,0058;adecuado adecuada adecuadas;;
1441;representante;Nomen;0,0058;representante representantes;;
1442;anillo;Nomen;0,0058;anillo anillos;;
1443;decidido;Adjektiv;0,0058;decidido decidida decididos;;
1444;empleo;Nomen;0,0058;empleo empleos;;
1445;crecimiento;Nomen;0,0058;crecimiento crecimientos;;
1446;vigilar;Verb;0,0058;vigilando vigilar vigila;;
1447;parado;Adjektiv;0,0058;parada parado parados;;
1448;piloto;Nomen;0,0058;piloto pilotos;;
1449;limitar;Verb;0,0058;límite limita limitar;;
1450;arruinar;Verb;0,0058;arruinar arruinó arruinaste;;
1451;aproximadamente;Adverb;0,0058;aproximadamente;;
1452;basado;Adjektiv;0,0057;basado basada basados;;
1453;ocultar;Verb;0,0057;ocultar oculta ocultando;;
1454;circular;Verb;0,0057;círculo circular circula;;
1455;sesión;Nomen;0,0057;sesión sesiones;;
1456;organizar;Verb;0,0057;organizar organizó organiza;;
1457;socio;Nomen;0,0057;socio socios;;
1458;beneficio;Nomen;0,0057;beneficios beneficio;;
1459;planear;Verb;0,0057;planeando planea planear;;
1460;acostar;Verb;0,0057;acostarse acostarme acostarte;;
1461;identificar;Verb;0,0057;identificar identificó identifica;;
1462;porqué;Nomen;0,0057;porqué;;
1463;numeroso;Adjektiv;0,0057;numerosos numerosas numerosa;;
1464;describir;Verb;0,0057;describe describió describir;;
1465;experto;Nomen;0,0057;expertos experto;;
1466;referencia;Nomen;0,0056;referencia referencias;;
1467;aeropuerto;Nomen;0,0056;aeropuerto aeropuertos;;
1468;definitivamente;Adverb;0,0056;definitivamente;;
1469;evidenciar;Verb;0,0056;evidencia evidenció evidencian;;
1470;gana;Nomen;0,0056;ganas;;
1471;fase;Nomen;0,0056;fase fases;;
1472;calma;Nomen;0,0056;calma calmas;;
1473;interesado;Adjektiv;0,0056;interesado interesados interesada;;
1474;té;Nomen;0,0056;té;;
1475;periodo;Nomen;0,0056;periodo periodos;;
1476;incendio;Nomen;0,0056;incendio incendios;;
1477;afectado;Adjektiv;0,0056;afectados afectado afectadas;;
1478;comercio;Nomen;0,0056;comercio comercios;;
1479;amplio;Adjektiv;0,0056;amplia amplio amplias;;
1480;tropa;Nomen;0,0056;tropas tropa;;
1481;vacación;Nomen;0,0056;vacaciones vacación;;
1482;cantante;Nomen;0,0056;cantante cantantes;;
1483;pandemia;Nomen;0,0056;pandemia pandemias;nachrichtentypisch (zeitgebunden 2022);
1484;vencer;Verb;0,0056;vencer vencido venció;;
1485;análisis;Nomen;0,0056;análisis;;
1486;plazo;Nomen;0,0056;plazo plazos;;
1487;competencia;Nomen;0,0055;competencia competencias;;
1488;reloj;Nomen;0,0055;reloj relojes;;
1489;superficie;Nomen;0,0055;superficie superficies;;
1490;complicado;Adjektiv;0,0055;complicado complicada complicados;;
1491;construido;Adjektiv;0,0055;construido construida construidos;;
1492;palacio;Nomen;0,0055;palacio palacios;;
1493;gestión;Nomen;0,0055;gestión gestiones;;
1494;letra;Nomen;0,0055;letras letra;;
1495;candidato;Nomen;0,0055;candidato candidatos;;
1496;fijar;Verb;0,0055;fija fíjate fijar;;
1497;plata;Nomen;0,0055;plata platas;;
1498;conferencia;Nomen;0,0055;conferencia conferencias;;
1499;aplicación;Nomen;0,0055;aplicación aplicaciones;;
1500;moderno;Adjektiv;0,0055;moderna moderno modernos;;
